Episode,Final_Wealth,Final_Health,Final_Age,Total_Reward,Work_Count,Invest_Count,Rest_Count
0,13.925519,0.0,70.0,8.000000000000004,0,50,0
1,8.468578,0.0,70.0,5.200000000000002,0,50,0
2,3.5667193,0.0,70.0,1.5999999999999999,0,50,0
3,11.345889,0.0,70.0,6.400000000000003,0,50,0
4,8.60686,0.0,70.0,5.200000000000002,0,50,0
5,8.384079,0.0,70.0,4.800000000000002,0,50,0
6,8.433079,0.0,70.0,5.200000000000002,0,50,0
7,7.6043053,0.0,70.0,4.400000000000001,0,50,0
8,9.177024,0.0,70.0,5.600000000000002,0,50,0
9,4.4499545,0.0,70.0,1.9999999999999998,0,50,0
10,9.46186,0.0,70.0,6.000000000000003,0,50,0
11,3.2892623,0.0,70.0,3.2000000000000006,0,50,0
12,8.57736,0.0,70.0,5.200000000000002,0,50,0
13,7.0206695,0.0,70.0,4.400000000000001,0,50,0
14,11.55214,0.0,70.0,6.800000000000003,0,50,0
15,-3.2981043,0.0,70.0,0.39999999999999997,0,50,0
16,4.5431805,0.0,70.0,2.4,0,50,0
17,11.997308,0.0,70.0,6.800000000000003,0,50,0
18,7.1966095,0.0,70.0,4.000000000000001,0,50,0
19,5.062176,0.0,70.0,3.2000000000000006,0,50,0
20,6.6064725,0.0,70.0,4.400000000000001,0,50,0
21,8.574345,0.0,70.0,4.800000000000002,0,50,0
22,2.5061085,0.0,70.0,1.5999999999999999,0,50,0
23,8.743409,0.0,70.0,5.200000000000002,0,50,0
24,7.1704316,0.0,70.0,4.800000000000002,0,50,0
25,6.2639694,0.0,70.0,3.600000000000001,0,50,0
26,8.767074,0.0,70.0,5.200000000000002,0,50,0
27,4.8456836,0.0,70.0,2.8000000000000003,0,50,0
28,7.6870794,0.0,70.0,4.000000000000001,0,50,0
29,11.006554,0.0,70.0,6.800000000000003,0,50,0
30,6.8870664,0.0,70.0,3.2000000000000006,0,50,0
31,6.583518,0.0,70.0,4.400000000000001,0,50,0
32,9.682468,0.0,70.0,5.600000000000002,0,50,0
33,8.136,0.0,70.0,4.800000000000002,0,50,0
34,8.067036,0.0,70.0,5.600000000000002,0,50,0
35,11.132,0.0,70.0,6.800000000000003,0,50,0
36,5.388304,0.0,70.0,2.4,0,50,0
37,4.0959473,0.0,70.0,1.9999999999999998,0,50,0
38,11.8289795,0.0,70.0,6.800000000000003,0,50,0
39,5.0630307,0.0,70.0,3.2000000000000006,0,50,0
40,7.91722,0.0,70.0,4.400000000000001,0,50,0
41,6.320268,0.0,70.0,3.600000000000001,0,50,0
42,3.4126923,0.0,70.0,3.2000000000000006,0,50,0
43,8.61052,0.0,70.0,4.800000000000002,0,50,0
44,9.679479,0.0,70.0,5.200000000000002,0,50,0
45,6.671453,0.0,70.0,3.600000000000001,0,50,0
46,7.8001175,0.0,70.0,5.200000000000002,0,50,0
47,7.629027,0.0,70.0,5.200000000000002,0,50,0
48,8.407648,0.0,70.0,4.800000000000002,0,50,0
49,2.880675,0.0,70.0,2.4,0,50,0
50,3.979988,0.0,70.0,2.4,0,50,0
51,7.3601494,0.0,70.0,4.400000000000001,0,50,0
52,4.137919,0.0,70.0,2.4,0,50,0
53,6.1660132,0.0,70.0,3.2000000000000006,0,50,0
54,5.0501575,0.0,70.0,3.600000000000001,0,50,0
55,10.051776,0.0,70.0,6.400000000000003,0,50,0
56,5.246488,0.0,70.0,3.600000000000001,0,50,0
57,6.836307,0.0,70.0,4.000000000000001,0,50,0
58,11.289956,0.0,70.0,6.400000000000003,0,50,0
59,9.4869175,0.0,70.0,6.000000000000003,0,50,0
60,12.363629,0.0,70.0,7.200000000000004,0,50,0
61,8.52165,0.0,70.0,4.800000000000002,0,50,0
62,8.630628,0.0,70.0,4.800000000000002,0,50,0
63,6.7710443,0.0,70.0,4.000000000000001,0,50,0
64,8.315438,0.0,70.0,4.800000000000002,0,50,0
65,7.341858,0.0,70.0,4.000000000000001,0,50,0
66,5.4577913,0.0,70.0,3.600000000000001,0,50,0
67,7.279372,0.0,70.0,4.400000000000001,0,50,0
68,4.083918,0.0,70.0,2.8000000000000003,0,50,0
69,7.7599974,0.0,70.0,4.800000000000002,0,50,0
70,6.485754,0.0,70.0,2.8,0,50,0
71,8.772668,0.0,70.0,5.200000000000002,0,50,0
72,5.1841326,0.0,70.0,3.2000000000000006,0,50,0
73,4.299973,0.0,70.0,2.8000000000000003,0,50,0
74,2.5751793,0.0,70.0,1.2,0,50,0
75,9.756982,0.0,70.0,6.000000000000003,0,50,0
76,3.8255053,0.0,70.0,2.8000000000000003,0,50,0
77,2.13535,0.0,70.0,1.2,0,50,0
78,4.309371,0.0,70.0,3.2000000000000006,0,50,0
79,4.9654193,0.0,70.0,2.8000000000000003,0,50,0
80,1.7832806,0.0,70.0,1.2,0,50,0
81,3.1612425,0.0,70.0,2.4,0,50,0
82,5.1335874,0.0,70.0,3.2000000000000006,0,50,0
83,4.5448484,0.0,70.0,2.4,0,50,0
84,6.093569,0.0,70.0,3.2000000000000006,0,50,0
85,10.964341,0.0,70.0,6.400000000000003,0,50,0
86,7.419706,0.0,70.0,4.000000000000001,0,50,0
87,7.0950804,0.0,70.0,4.000000000000001,0,50,0
88,6.459614,0.0,70.0,4.000000000000001,0,50,0
89,6.40387,0.0,70.0,4.000000000000001,0,50,0
90,4.6888885,0.0,70.0,2.8000000000000003,0,50,0
91,6.524888,0.0,70.0,3.600000000000001,0,50,0
92,3.7798827,0.0,70.0,1.5999999999999999,0,50,0
93,6.322093,0.0,70.0,3.600000000000001,0,50,0
94,6.935774,0.0,70.0,4.400000000000001,0,50,0
95,9.5566635,0.0,70.0,5.600000000000002,0,50,0
96,7.0564528,0.0,70.0,4.400000000000001,0,50,0
97,4.378807,0.0,70.0,2.8000000000000003,0,50,0
98,5.750071,0.0,70.0,3.2000000000000006,0,50,0
99,9.803106,0.0,70.0,6.000000000000003,0,50,0
100,12.154456,0.0,70.0,7.200000000000004,0,50,0
101,3.26645,0.0,70.0,2.4,0,50,0
102,7.1388273,0.0,70.0,4.400000000000001,0,50,0
103,3.8271081,0.0,70.0,2.4,0,50,0
104,7.9884048,0.0,70.0,4.800000000000002,0,50,0
105,9.310732,0.0,70.0,5.600000000000002,0,50,0
106,6.803563,0.0,70.0,4.000000000000001,0,50,0
107,10.228701,0.0,70.0,5.600000000000002,0,50,0
108,7.3124743,0.0,70.0,4.400000000000001,0,50,0
109,7.8081417,0.0,70.0,4.800000000000002,0,50,0
110,8.062029,0.0,70.0,4.800000000000002,0,50,0
111,5.616969,0.0,70.0,4.000000000000001,0,50,0
112,6.146193,0.0,70.0,3.2000000000000006,0,50,0
113,9.071596,0.0,70.0,5.200000000000002,0,50,0
114,3.348977,0.0,70.0,2.8000000000000003,0,50,0
115,5.435884,0.0,70.0,3.2000000000000006,0,50,0
116,4.9208455,0.0,70.0,1.9999999999999998,0,50,0
117,4.4675417,0.0,70.0,1.9999999999999998,0,50,0
118,5.628245,0.0,70.0,3.600000000000001,0,50,0
119,9.7554035,0.0,70.0,5.200000000000002,0,50,0
120,4.4354577,0.0,70.0,2.8000000000000003,0,50,0
121,8.215,0.0,70.0,5.200000000000002,0,50,0
122,4.240197,0.0,70.0,2.8000000000000003,0,50,0
123,0.8317699,0.0,70.0,1.2,0,50,0
124,6.126516,0.0,70.0,3.600000000000001,0,50,0
125,4.889387,0.0,70.0,3.2000000000000006,0,50,0
126,7.7600136,0.0,70.0,4.800000000000002,0,50,0
127,7.0692616,0.0,70.0,3.2,0,50,0
128,1.9713137,0.0,70.0,0.8,0,50,0
129,6.219479,0.0,70.0,3.2000000000000006,0,50,0
130,5.404053,0.0,70.0,3.600000000000001,0,50,0
131,7.340862,0.0,70.0,3.600000000000001,0,50,0
132,8.542055,0.0,70.0,4.800000000000002,0,50,0
133,7.294466,0.0,70.0,4.800000000000002,0,50,0
134,7.174612,0.0,70.0,4.000000000000001,0,50,0
135,5.1433516,0.0,70.0,3.2000000000000006,0,50,0
136,6.3287535,0.0,70.0,3.600000000000001,0,50,0
137,7.4722033,0.0,70.0,4.000000000000001,0,50,0
138,9.37041,0.0,70.0,4.800000000000002,0,50,0
139,10.834298,0.0,70.0,6.800000000000003,0,50,0
140,7.7791944,0.0,70.0,4.000000000000001,0,50,0
141,9.561934,0.0,70.0,6.000000000000003,0,50,0
142,8.69902,0.0,70.0,5.200000000000002,0,50,0
143,6.633277,0.0,70.0,3.600000000000001,0,50,0
144,9.157281,0.0,70.0,5.600000000000002,0,50,0
145,5.8538613,0.0,70.0,3.600000000000001,0,50,0
146,7.0544357,0.0,70.0,4.800000000000002,0,50,0
147,6.8642464,0.0,70.0,4.000000000000001,0,50,0
148,10.014738,0.0,70.0,6.000000000000003,0,50,0
149,9.055588,0.0,70.0,5.200000000000002,0,50,0
150,4.641421,0.0,70.0,3.2000000000000006,0,50,0
151,12.677354,0.0,70.0,7.200000000000004,0,50,0
152,7.4090223,0.0,70.0,4.800000000000002,0,50,0
153,7.886391,0.0,70.0,4.400000000000001,0,50,0
154,8.629169,0.0,70.0,4.800000000000002,0,50,0
155,5.316772,0.0,70.0,2.8000000000000003,0,50,0
156,3.5455687,0.0,70.0,2.4,0,50,0
157,6.2680926,0.0,70.0,4.000000000000001,0,50,0
158,4.7084823,0.0,70.0,2.8000000000000003,0,50,0
159,6.1848965,0.0,70.0,4.000000000000001,0,50,0
160,6.737608,0.0,70.0,4.400000000000001,0,50,0
161,9.793626,0.0,70.0,5.600000000000002,0,50,0
162,10.2132225,0.0,70.0,6.800000000000003,0,50,0
163,7.91209,0.0,70.0,4.400000000000001,0,50,0
164,8.389821,0.0,70.0,4.800000000000002,0,50,0
165,4.2463155,0.0,70.0,2.4,0,50,0
166,7.36754,0.0,70.0,4.400000000000001,0,50,0
167,6.940147,0.0,70.0,3.6000000000000005,0,50,0
168,4.6923656,0.0,70.0,3.2000000000000006,0,50,0
169,4.37583,0.0,70.0,2.8000000000000003,0,50,0
170,8.919825,0.0,70.0,4.800000000000002,0,50,0
171,6.434711,0.0,70.0,3.6000000000000005,0,50,0
172,10.981225,0.0,70.0,6.400000000000003,0,50,0
173,2.319517,0.0,70.0,0.8,0,50,0
174,4.635177,0.0,70.0,2.4,0,50,0
175,8.155918,0.0,70.0,5.600000000000002,0,50,0
176,7.3331304,0.0,70.0,4.000000000000001,0,50,0
177,5.852875,0.0,70.0,3.600000000000001,0,50,0
178,5.912767,0.0,70.0,3.600000000000001,0,50,0
179,6.142326,0.0,70.0,3.2000000000000006,0,50,0
180,6.3024173,0.0,70.0,3.2000000000000006,0,50,0
181,6.0337944,0.0,70.0,3.600000000000001,0,50,0
182,7.624243,0.0,70.0,4.400000000000001,0,50,0
183,5.216856,0.0,70.0,3.2000000000000006,0,50,0
184,4.9530573,0.0,70.0,3.2000000000000006,0,50,0
185,4.608481,0.0,70.0,3.2000000000000006,0,50,0
186,9.094295,0.0,70.0,5.200000000000002,0,50,0
187,9.366391,0.0,70.0,5.200000000000002,0,50,0
188,9.338963,0.0,70.0,5.200000000000002,0,50,0
189,2.8038614,0.0,70.0,1.5999999999999999,0,50,0
190,4.6858873,0.0,70.0,2.8000000000000003,0,50,0
191,8.644651,0.0,70.0,5.200000000000002,0,50,0
192,7.4689393,0.0,70.0,4.800000000000002,0,50,0
193,6.871508,0.0,70.0,4.000000000000001,0,50,0
194,6.5317426,0.0,70.0,4.000000000000001,0,50,0
195,5.940417,0.0,70.0,3.2000000000000006,0,50,0
196,4.041709,0.0,70.0,2.4,0,50,0
197,6.856061,0.0,70.0,3.600000000000001,0,50,0
198,7.2651124,0.0,70.0,4.400000000000001,0,50,0
199,2.7451925,0.0,70.0,1.5999999999999999,0,50,0
200,-0.31010142,0.0,70.0,1.2,0,50,0
201,-0.31383985,0.0,70.0,2.4,0,50,0
202,8.586016,0.0,70.0,4.800000000000002,0,50,0
203,6.8209963,0.0,70.0,4.400000000000001,0,50,0
204,11.329399,0.0,70.0,6.400000000000003,0,50,0
205,3.1846604,0.0,70.0,1.9999999999999998,0,50,0
206,6.843233,0.0,70.0,4.400000000000001,0,50,0
207,3.721585,0.0,70.0,1.9999999999999998,0,50,0
208,6.0017195,0.0,70.0,3.600000000000001,0,50,0
209,7.6776047,0.0,70.0,5.200000000000002,0,50,0
210,7.050822,0.0,70.0,4.400000000000001,0,50,0
211,4.691996,0.0,70.0,3.600000000000001,0,50,0
212,11.072149,0.0,70.0,6.400000000000003,0,50,0
213,8.627181,0.0,70.0,5.200000000000002,0,50,0
214,9.014656,0.0,70.0,5.200000000000002,0,50,0
215,7.096075,0.0,70.0,4.400000000000001,0,50,0
216,6.145736,0.0,70.0,4.000000000000001,0,50,0
217,3.484765,0.0,70.0,2.4,0,50,0
218,7.0217147,0.0,70.0,4.400000000000001,0,50,0
219,8.093222,0.0,70.0,5.200000000000002,0,50,0
220,6.2140503,0.0,70.0,3.2000000000000006,0,50,0
221,4.4113755,0.0,70.0,2.4,0,50,0
222,3.1874723,0.0,70.0,1.9999999999999998,0,50,0
223,6.646618,0.0,70.0,3.600000000000001,0,50,0
224,4.1153183,0.0,70.0,2.8000000000000003,0,50,0
225,6.4519105,0.0,70.0,3.6000000000000005,0,50,0
226,5.75621,0.0,70.0,3.600000000000001,0,50,0
227,8.763722,0.0,70.0,5.600000000000002,0,50,0
228,5.94738,0.0,70.0,3.600000000000001,0,50,0
229,4.477374,0.0,70.0,2.8000000000000003,0,50,0
230,6.8267493,0.0,70.0,4.400000000000001,0,50,0
231,6.2061152,0.0,70.0,3.2000000000000006,0,50,0
232,5.578762,0.0,70.0,3.2000000000000006,0,50,0
233,3.9370005,0.0,70.0,2.4,0,50,0
234,6.013485,0.0,70.0,4.000000000000001,0,50,0
235,7.888362,0.0,70.0,4.800000000000002,0,50,0
236,4.6541014,0.0,70.0,2.8000000000000003,0,50,0
237,6.498307,0.0,70.0,4.800000000000002,0,50,0
238,10.442277,0.0,70.0,6.000000000000003,0,50,0
239,7.090799,0.0,70.0,4.000000000000001,0,50,0
240,5.1724663,0.0,70.0,3.2000000000000006,0,50,0
241,6.6834693,0.0,70.0,4.400000000000001,0,50,0
242,7.1853704,0.0,70.0,4.800000000000002,0,50,0
243,4.6975317,0.0,70.0,2.4,0,50,0
244,5.116767,0.0,70.0,3.600000000000001,0,50,0
245,4.3633084,0.0,70.0,2.8000000000000003,0,50,0
246,3.5957053,0.0,70.0,2.8000000000000003,0,50,0
247,5.7328053,0.0,70.0,4.000000000000001,0,50,0
248,3.0026596,0.0,70.0,1.2,0,50,0
249,7.7738576,0.0,70.0,4.800000000000002,0,50,0
250,7.2045093,0.0,70.0,4.000000000000001,0,50,0
251,6.2775636,0.0,70.0,4.000000000000001,0,50,0
252,7.0669127,0.0,70.0,4.000000000000001,0,50,0
253,8.4478445,0.0,70.0,4.400000000000001,0,50,0
254,7.305415,0.0,70.0,4.000000000000001,0,50,0
255,10.572132,0.0,70.0,6.400000000000003,0,50,0
256,5.7130866,0.0,70.0,3.6000000000000005,0,50,0
257,7.57511,0.0,70.0,4.800000000000002,0,50,0
258,6.663589,0.0,70.0,3.600000000000001,0,50,0
259,8.138381,0.0,70.0,4.400000000000001,0,50,0
260,2.6348894,0.0,70.0,1.5999999999999999,0,50,0
261,4.9532022,0.0,70.0,3.600000000000001,0,50,0
262,10.989839,0.0,70.0,6.400000000000003,0,50,0
263,6.184095,0.0,70.0,3.600000000000001,0,50,0
264,8.394421,0.0,70.0,4.800000000000002,0,50,0
265,4.0854483,0.0,70.0,2.4,0,50,0
266,4.1192374,0.0,70.0,2.4,0,50,0
267,4.836761,0.0,70.0,3.2000000000000006,0,50,0
268,10.513678,0.0,70.0,6.400000000000003,0,50,0
269,5.9256625,0.0,70.0,3.2000000000000006,0,50,0
270,6.0667114,0.0,70.0,4.000000000000001,0,50,0
271,7.8783236,0.0,70.0,3.6000000000000005,0,50,0
272,2.7714744,0.0,70.0,2.4,0,50,0
273,7.2539296,0.0,70.0,4.000000000000001,0,50,0
274,5.667075,0.0,70.0,4.000000000000001,0,50,0
275,3.0353487,0.0,70.0,1.9999999999999998,0,50,0
276,7.7442174,0.0,70.0,4.000000000000001,0,50,0
277,8.955946,0.0,70.0,5.200000000000002,0,50,0
278,8.152033,0.0,70.0,5.200000000000002,0,50,0
279,2.93273,0.0,70.0,3.2000000000000006,0,50,0
280,5.894114,0.0,70.0,3.2000000000000006,0,50,0
281,7.764715,0.0,70.0,4.800000000000002,0,50,0
282,9.448904,0.0,70.0,5.200000000000002,0,50,0
283,8.824178,0.0,70.0,4.400000000000001,0,50,0
284,4.95102,0.0,70.0,3.2000000000000006,0,50,0
285,7.195185,0.0,70.0,4.800000000000002,0,50,0
286,7.889051,0.0,70.0,4.800000000000002,0,50,0
287,6.5608077,0.0,70.0,4.000000000000001,0,50,0
288,9.750545,0.0,70.0,5.600000000000002,0,50,0
289,8.511858,0.0,70.0,5.200000000000002,0,50,0
290,5.4392214,0.0,70.0,2.8000000000000003,0,50,0
291,7.0625696,0.0,70.0,4.400000000000001,0,50,0
292,11.267795,0.0,70.0,6.800000000000003,0,50,0
293,9.458166,0.0,70.0,5.600000000000002,0,50,0
294,5.0239353,0.0,70.0,2.8000000000000003,0,50,0
295,8.7373085,0.0,70.0,4.800000000000002,0,50,0
296,8.537181,0.0,70.0,5.200000000000002,0,50,0
297,6.809198,0.0,70.0,4.000000000000001,0,50,0
298,6.953085,0.0,70.0,4.000000000000001,0,50,0
299,6.8973246,0.0,70.0,4.000000000000001,0,50,0
300,6.958773,0.0,70.0,4.000000000000001,0,50,0
301,2.2733898,0.0,70.0,1.5999999999999999,0,50,0
302,5.7346826,0.0,70.0,3.2000000000000006,0,50,0
303,5.251833,0.0,70.0,4.000000000000001,0,50,0
304,10.820913,0.0,70.0,6.000000000000003,0,50,0
305,7.0280023,0.0,70.0,3.6000000000000005,0,50,0
306,10.489134,0.0,70.0,6.000000000000003,0,50,0
307,7.553182,0.0,70.0,4.000000000000001,0,50,0
308,8.905567,0.0,70.0,4.800000000000002,0,50,0
309,5.678946,0.0,70.0,3.600000000000001,0,50,0
310,8.259784,0.0,70.0,5.600000000000002,0,50,0
311,6.1881957,0.0,70.0,2.8000000000000003,0,50,0
312,6.9089923,0.0,70.0,4.000000000000001,0,50,0
313,9.89727,0.0,70.0,5.600000000000002,0,50,0
314,10.862958,0.0,70.0,6.400000000000003,0,50,0
315,9.0773535,0.0,70.0,5.600000000000002,0,50,0
316,8.453891,0.0,70.0,4.400000000000001,0,50,0
317,4.6019654,0.0,70.0,2.4,0,50,0
318,10.132421,0.0,70.0,5.600000000000002,0,50,0
319,3.7058275,0.0,70.0,2.8000000000000003,0,50,0
320,7.265462,0.0,70.0,4.400000000000001,0,50,0
321,5.8813705,0.0,70.0,3.2000000000000006,0,50,0
322,6.536336,0.0,70.0,4.000000000000001,0,50,0
323,7.140309,0.0,70.0,4.400000000000001,0,50,0
324,4.826203,0.0,70.0,3.2000000000000006,0,50,0
325,6.828692,0.0,70.0,3.600000000000001,0,50,0
326,3.5719833,0.0,70.0,1.5999999999999999,0,50,0
327,9.405594,0.0,70.0,5.600000000000002,0,50,0
328,6.8576536,0.0,70.0,4.800000000000002,0,50,0
329,8.280203,0.0,70.0,4.800000000000002,0,50,0
330,8.25566,0.0,70.0,4.800000000000002,0,50,0
331,2.205882,0.0,70.0,1.9999999999999998,0,50,0
332,6.457892,0.0,70.0,4.000000000000001,0,50,0
333,6.688144,0.0,70.0,4.400000000000001,0,50,0
334,6.570551,0.0,70.0,3.600000000000001,0,50,0
335,9.636233,0.0,70.0,5.600000000000002,0,50,0
336,11.01794,0.0,70.0,6.800000000000003,0,50,0
337,3.7349644,0.0,70.0,2.4,0,50,0
338,7.716501,0.0,70.0,4.800000000000002,0,50,0
339,7.1720576,0.0,70.0,3.600000000000001,0,50,0
340,8.78321,0.0,70.0,4.800000000000002,0,50,0
341,8.942353,0.0,70.0,4.800000000000002,0,50,0
342,3.5574412,0.0,70.0,2.4,0,50,0
343,4.7477665,0.0,70.0,2.8000000000000003,0,50,0
344,5.2505674,0.0,70.0,3.2000000000000006,0,50,0
345,2.426292,0.0,70.0,1.9999999999999998,0,50,0
346,7.012109,0.0,70.0,4.000000000000001,0,50,0
347,5.259997,0.0,70.0,4.000000000000001,0,50,0
348,6.7216673,0.0,70.0,3.6000000000000005,0,50,0
349,7.132252,0.0,70.0,4.400000000000001,0,50,0
350,5.6045747,0.0,70.0,4.400000000000001,0,50,0
351,0.9981777,0.0,70.0,0.8,0,50,0
352,7.2530456,0.0,70.0,4.800000000000002,0,50,0
353,5.754127,0.0,70.0,3.600000000000001,0,50,0
354,6.8912673,0.0,70.0,4.000000000000001,0,50,0
355,4.9527645,0.0,70.0,2.8000000000000003,0,50,0
356,8.9001465,0.0,70.0,4.800000000000002,0,50,0
357,7.8195825,0.0,70.0,4.400000000000001,0,50,0
358,4.438035,0.0,70.0,2.4,0,50,0
359,9.392625,0.0,70.0,5.600000000000002,0,50,0
360,4.8191414,0.0,70.0,2.4,0,50,0
361,4.5532823,0.0,70.0,2.8000000000000003,0,50,0
362,7.6900835,0.0,70.0,4.400000000000001,0,50,0
363,7.1682916,0.0,70.0,4.400000000000001,0,50,0
364,10.868407,0.0,70.0,6.400000000000003,0,50,0
365,4.6524067,0.0,70.0,3.2000000000000006,0,50,0
366,5.618667,0.0,70.0,2.8000000000000003,0,50,0
367,5.2778225,0.0,70.0,3.2000000000000006,0,50,0
368,5.4239416,0.0,70.0,3.2000000000000006,0,50,0
369,7.553679,0.0,70.0,4.000000000000001,0,50,0
370,7.0267673,0.0,70.0,4.400000000000001,0,50,0
371,6.3030095,0.0,70.0,3.2000000000000006,0,50,0
372,9.5699005,0.0,70.0,5.600000000000002,0,50,0
373,3.6344051,0.0,70.0,3.2000000000000006,0,50,0
374,7.6512513,0.0,70.0,5.200000000000002,0,50,0
375,9.033708,0.0,70.0,5.600000000000002,0,50,0
376,2.6347027,0.0,70.0,1.5999999999999999,0,50,0
377,6.3944507,0.0,70.0,4.400000000000001,0,50,0
378,6.2155724,0.0,70.0,3.600000000000001,0,50,0
379,6.0215306,0.0,70.0,3.600000000000001,0,50,0
380,7.1648555,0.0,70.0,4.400000000000001,0,50,0
381,7.5085154,0.0,70.0,4.800000000000002,0,50,0
382,6.6266637,0.0,70.0,4.000000000000001,0,50,0
383,5.957708,0.0,70.0,3.2000000000000006,0,50,0
384,8.382748,0.0,70.0,5.200000000000002,0,50,0
385,13.344962,0.0,70.0,8.000000000000004,0,50,0
386,7.9832926,0.0,70.0,4.400000000000001,0,50,0
387,6.172083,0.0,70.0,3.600000000000001,0,50,0
388,6.7453737,0.0,70.0,4.000000000000001,0,50,0
389,5.4181232,0.0,70.0,2.8000000000000003,0,50,0
390,7.4845376,0.0,70.0,4.000000000000001,0,50,0
391,3.0519543,0.0,70.0,1.9999999999999998,0,50,0
392,6.653044,0.0,70.0,4.400000000000001,0,50,0
393,7.497363,0.0,70.0,5.200000000000002,0,50,0
394,4.978098,0.0,70.0,2.8000000000000003,0,50,0
395,8.569704,0.0,70.0,5.600000000000002,0,50,0
396,6.9353633,0.0,70.0,4.400000000000001,0,50,0
397,6.064148,0.0,70.0,3.600000000000001,0,50,0
398,10.238181,0.0,70.0,5.600000000000002,0,50,0
399,6.445276,0.0,70.0,3.600000000000001,0,50,0
400,6.312262,0.0,70.0,3.2000000000000006,0,50,0
401,4.51094,0.0,70.0,2.8000000000000003,0,50,0
402,5.0672174,0.0,70.0,3.2000000000000006,0,50,0
403,6.6940594,0.0,70.0,4.000000000000001,0,50,0
404,3.165076,0.0,70.0,2.4,0,50,0
405,9.504608,0.0,70.0,4.800000000000002,0,50,0
406,6.693541,0.0,70.0,4.000000000000001,0,50,0
407,6.881498,0.0,70.0,4.000000000000001,0,50,0
408,6.5291524,0.0,70.0,4.000000000000001,0,50,0
409,10.70388,0.0,70.0,6.000000000000003,0,50,0
410,8.16604,0.0,70.0,4.000000000000001,0,50,0
411,4.6214166,0.0,70.0,2.8000000000000003,0,50,0
412,8.610726,0.0,70.0,5.200000000000002,0,50,0
413,5.2751727,0.0,70.0,2.4,0,50,0
414,4.6180844,0.0,70.0,2.4,0,50,0
415,1.7121778,0.0,70.0,2.4,0,50,0
416,6.6404543,0.0,70.0,4.000000000000001,0,50,0
417,3.883638,0.0,70.0,2.4,0,50,0
418,11.621336,0.0,70.0,6.800000000000003,0,50,0
419,6.281524,0.0,70.0,4.000000000000001,0,50,0
420,6.8227935,0.0,70.0,4.400000000000001,0,50,0
421,5.9677315,0.0,70.0,4.000000000000001,0,50,0
422,3.1823378,0.0,70.0,1.2,0,50,0
423,6.2061243,0.0,70.0,3.600000000000001,0,50,0
424,9.182308,0.0,70.0,5.200000000000002,0,50,0
425,8.531257,0.0,70.0,4.400000000000001,0,50,0
426,12.256656,0.0,70.0,6.800000000000003,0,50,0
427,7.3153305,0.0,70.0,4.400000000000001,0,50,0
428,10.245111,0.0,70.0,6.000000000000003,0,50,0
429,7.601903,0.0,70.0,4.400000000000001,0,50,0
430,7.678217,0.0,70.0,4.800000000000002,0,50,0
431,11.051064,0.0,70.0,6.400000000000003,0,50,0
432,5.2740445,0.0,70.0,3.2000000000000006,0,50,0
433,7.230985,0.0,70.0,4.400000000000001,0,50,0
434,10.767629,0.0,70.0,6.000000000000003,0,50,0
435,1.4219868,0.0,70.0,1.9999999999999998,0,50,0
436,5.2348213,0.0,70.0,3.2000000000000006,0,50,0
437,6.29658,0.0,70.0,3.600000000000001,0,50,0
438,4.2611465,0.0,70.0,3.2000000000000006,0,50,0
439,3.5008857,0.0,70.0,2.4,0,50,0
440,2.9069831,0.0,70.0,1.5999999999999999,0,50,0
441,5.8484545,0.0,70.0,3.2000000000000006,0,50,0
442,2.4894454,0.0,70.0,1.5999999999999999,0,50,0
443,4.320993,0.0,70.0,2.4,0,50,0
444,8.891419,0.0,70.0,4.800000000000002,0,50,0
445,6.342925,0.0,70.0,3.2000000000000006,0,50,0
446,2.0925703,0.0,70.0,2.4,0,50,0
447,8.794029,0.0,70.0,5.600000000000002,0,50,0
448,2.114793,0.0,70.0,0.4000000000000001,0,50,0
449,7.7575603,0.0,70.0,4.800000000000002,0,50,0
450,6.5816097,0.0,70.0,3.2000000000000006,0,50,0
451,5.5861883,0.0,70.0,4.000000000000001,0,50,0
452,3.5617537,0.0,70.0,2.4,0,50,0
453,7.3992405,0.0,70.0,4.400000000000001,0,50,0
454,9.600629,0.0,70.0,5.200000000000002,0,50,0
455,9.527706,0.0,70.0,5.200000000000002,0,50,0
456,6.456653,0.0,70.0,4.000000000000001,0,50,0
457,5.4377933,0.0,70.0,2.8000000000000003,0,50,0
458,4.864516,0.0,70.0,3.600000000000001,0,50,0
459,5.607806,0.0,70.0,3.600000000000001,0,50,0
460,9.626666,0.0,70.0,5.600000000000002,0,50,0
461,4.684738,0.0,70.0,3.600000000000001,0,50,0
462,9.841304,0.0,70.0,6.000000000000003,0,50,0
463,3.2984357,0.0,70.0,1.9999999999999998,0,50,0
464,7.3706565,0.0,70.0,4.800000000000002,0,50,0
465,9.322658,0.0,70.0,5.200000000000002,0,50,0
466,8.107281,0.0,70.0,4.800000000000002,0,50,0
467,9.559095,0.0,70.0,5.600000000000002,0,50,0
468,9.7037945,0.0,70.0,5.200000000000002,0,50,0
469,1.0834522,0.0,70.0,1.2,0,50,0
470,5.385702,0.0,70.0,2.8000000000000003,0,50,0
471,7.8788466,0.0,70.0,4.800000000000002,0,50,0
472,7.9114723,0.0,70.0,4.400000000000001,0,50,0
473,6.2246046,0.0,70.0,3.600000000000001,0,50,0
474,8.340541,0.0,70.0,4.400000000000001,0,50,0
475,6.3892956,0.0,70.0,3.600000000000001,0,50,0
476,7.2469945,0.0,70.0,4.000000000000001,0,50,0
477,10.434741,0.0,70.0,6.000000000000003,0,50,0
478,7.023185,0.0,70.0,4.800000000000002,0,50,0
479,4.6637154,0.0,70.0,2.8000000000000003,0,50,0
480,6.409486,0.0,70.0,4.400000000000001,0,50,0
481,1.2454108,0.0,70.0,1.2,0,50,0
482,7.0942974,0.0,70.0,4.800000000000002,0,50,0
483,6.4917936,0.0,70.0,3.600000000000001,0,50,0
484,5.4539876,0.0,70.0,3.600000000000001,0,50,0
485,5.545758,0.0,70.0,3.600000000000001,0,50,0
486,5.1594143,0.0,70.0,3.2000000000000006,0,50,0
487,9.396551,0.0,70.0,4.800000000000002,0,50,0
488,4.8670197,0.0,70.0,3.2000000000000006,0,50,0
489,4.0006957,0.0,70.0,1.9999999999999998,0,50,0
490,6.4958396,0.0,70.0,4.000000000000001,0,50,0
491,12.292663,0.0,70.0,6.800000000000003,0,50,0
492,2.8579597,0.0,70.0,1.5999999999999999,0,50,0
493,4.747892,0.0,70.0,3.600000000000001,0,50,0
494,7.134481,0.0,70.0,4.400000000000001,0,50,0
495,4.1732535,0.0,70.0,2.8000000000000003,0,50,0
496,8.04829,0.0,70.0,4.800000000000002,0,50,0
497,6.5431075,0.0,70.0,4.000000000000001,0,50,0
498,8.002507,0.0,70.0,4.800000000000002,0,50,0
499,7.593186,0.0,70.0,3.6000000000000005,0,50,0
500,11.463845,0.0,70.0,6.000000000000003,0,50,0
501,7.614861,0.0,70.0,4.400000000000001,0,50,0
502,6.1615396,0.0,70.0,3.2000000000000006,0,50,0
503,8.874517,0.0,70.0,5.600000000000002,0,50,0
504,9.996776,0.0,70.0,6.000000000000003,0,50,0
505,1.6575632,0.0,70.0,1.9999999999999998,0,50,0
506,1.5201,0.0,70.0,1.9999999999999998,0,50,0
507,5.7392063,0.0,70.0,3.2000000000000006,0,50,0
508,8.762382,0.0,70.0,5.600000000000002,0,50,0
509,6.766461,0.0,70.0,4.400000000000001,0,50,0
510,5.886024,0.0,70.0,3.2000000000000006,0,50,0
511,7.6761837,0.0,70.0,4.400000000000001,0,50,0
512,8.422481,0.0,70.0,4.400000000000001,0,50,0
513,2.5720277,0.0,70.0,1.2,0,50,0
514,7.545401,0.0,70.0,4.800000000000002,0,50,0
515,6.4048977,0.0,70.0,4.000000000000001,0,50,0
516,4.4219117,0.0,70.0,1.9999999999999998,0,50,0
517,5.431052,0.0,70.0,4.000000000000001,0,50,0
518,5.529076,0.0,70.0,3.600000000000001,0,50,0
519,3.8344676,0.0,70.0,1.9999999999999998,0,50,0
520,7.5860505,0.0,70.0,4.400000000000001,0,50,0
521,5.0456004,0.0,70.0,3.2000000000000006,0,50,0
522,7.0339184,0.0,70.0,4.000000000000001,0,50,0
523,5.1051583,0.0,70.0,3.2000000000000006,0,50,0
524,7.8267474,0.0,70.0,4.800000000000002,0,50,0
525,7.1428328,0.0,70.0,3.600000000000001,0,50,0
526,6.1365647,0.0,70.0,3.600000000000001,0,50,0
527,6.1191883,0.0,70.0,3.600000000000001,0,50,0
528,7.7544255,0.0,70.0,4.800000000000002,0,50,0
529,5.8902473,0.0,70.0,3.2000000000000006,0,50,0
530,6.222596,0.0,70.0,4.000000000000001,0,50,0
531,4.966161,0.0,70.0,2.8000000000000003,0,50,0
532,5.137722,0.0,70.0,2.8000000000000003,0,50,0
533,6.087247,0.0,70.0,3.600000000000001,0,50,0
534,4.40589,0.0,70.0,1.5999999999999999,0,50,0
535,5.693002,0.0,70.0,3.600000000000001,0,50,0
536,9.363347,0.0,70.0,5.600000000000002,0,50,0
537,5.0337496,0.0,70.0,3.600000000000001,0,50,0
538,6.6357937,0.0,70.0,4.000000000000001,0,50,0
539,5.2348843,0.0,70.0,3.2000000000000006,0,50,0
540,6.640756,0.0,70.0,3.600000000000001,0,50,0
541,10.546427,0.0,70.0,5.600000000000002,0,50,0
542,9.588221,0.0,70.0,5.600000000000002,0,50,0
543,10.66311,0.0,70.0,6.400000000000003,0,50,0
544,10.566119,0.0,70.0,6.400000000000003,0,50,0
545,3.872953,0.0,70.0,2.4,0,50,0
546,8.784402,0.0,70.0,5.200000000000002,0,50,0
547,8.510098,0.0,70.0,5.200000000000002,0,50,0
548,8.844993,0.0,70.0,5.200000000000002,0,50,0
549,7.6033325,0.0,70.0,4.400000000000001,0,50,0
550,5.1933975,0.0,70.0,3.600000000000001,0,50,0
551,8.796017,0.0,70.0,5.200000000000002,0,50,0
552,5.416553,0.0,70.0,3.2000000000000006,0,50,0
553,7.23954,0.0,70.0,3.600000000000001,0,50,0
554,7.980462,0.0,70.0,4.400000000000001,0,50,0
555,0.7306052,0.0,70.0,0.4000000000000001,0,50,0
556,12.13385,0.0,70.0,6.800000000000003,0,50,0
557,5.3671,0.0,70.0,3.2000000000000006,0,50,0
558,8.4917555,0.0,70.0,4.400000000000001,0,50,0
559,7.3939037,0.0,70.0,4.800000000000002,0,50,0
560,9.46436,0.0,70.0,5.200000000000002,0,50,0
561,5.950551,0.0,70.0,3.600000000000001,0,50,0
562,9.659966,0.0,70.0,6.000000000000003,0,50,0
563,7.7460566,0.0,70.0,4.400000000000001,0,50,0
564,6.553996,0.0,70.0,4.400000000000001,0,50,0
565,5.580717,0.0,70.0,4.000000000000001,0,50,0
566,13.02831,0.0,70.0,7.200000000000004,0,50,0
567,4.210957,0.0,70.0,3.2000000000000006,0,50,0
568,6.5156136,0.0,70.0,3.600000000000001,0,50,0
569,2.2264266,0.0,70.0,1.5999999999999999,0,50,0
570,6.782018,0.0,70.0,3.2000000000000006,0,50,0
571,4.424278,0.0,70.0,2.4,0,50,0
572,6.817802,0.0,70.0,4.000000000000001,0,50,0
573,8.6204605,0.0,70.0,4.800000000000002,0,50,0
574,9.553848,0.0,70.0,5.600000000000002,0,50,0
575,5.854107,0.0,70.0,3.2000000000000006,0,50,0
576,4.575469,0.0,70.0,2.8000000000000003,0,50,0
577,6.8021603,0.0,70.0,3.6000000000000005,0,50,0
578,6.497718,0.0,70.0,4.000000000000001,0,50,0
579,6.1779346,0.0,70.0,3.2000000000000006,0,50,0
580,7.8291264,0.0,70.0,3.6000000000000005,0,50,0
581,5.748795,0.0,70.0,3.600000000000001,0,50,0
582,5.370361,0.0,70.0,3.2000000000000006,0,50,0
583,7.766261,0.0,70.0,4.400000000000001,0,50,0
584,7.4502244,0.0,70.0,4.400000000000001,0,50,0
585,6.2117786,0.0,70.0,4.000000000000001,0,50,0
586,7.8288465,0.0,70.0,4.800000000000002,0,50,0
587,6.221046,0.0,70.0,3.600000000000001,0,50,0
588,8.248194,0.0,70.0,4.400000000000001,0,50,0
589,6.4671655,0.0,70.0,3.600000000000001,0,50,0
590,9.812537,0.0,70.0,6.000000000000003,0,50,0
591,5.61107,0.0,70.0,3.600000000000001,0,50,0
592,5.1505675,0.0,70.0,3.2000000000000006,0,50,0
593,3.3099682,0.0,70.0,1.9999999999999998,0,50,0
594,6.0511274,0.0,70.0,3.600000000000001,0,50,0
595,7.7869844,0.0,70.0,4.400000000000001,0,50,0
596,5.8676996,0.0,70.0,3.2000000000000006,0,50,0
597,2.8042655,0.0,70.0,1.9999999999999998,0,50,0
598,7.847,0.0,70.0,5.200000000000002,0,50,0
599,6.007377,0.0,70.0,3.2000000000000006,0,50,0
600,8.547353,0.0,70.0,5.200000000000002,0,50,0
601,7.5546155,0.0,70.0,4.400000000000001,0,50,0
602,4.935775,0.0,70.0,3.600000000000001,0,50,0
603,7.5446086,0.0,70.0,4.000000000000001,0,50,0
604,12.014534,0.0,70.0,7.200000000000004,0,50,0
605,6.0373564,0.0,70.0,3.2000000000000006,0,50,0
606,5.698154,0.0,70.0,3.2000000000000006,0,50,0
607,9.168576,0.0,70.0,5.200000000000002,0,50,0
608,6.282854,0.0,70.0,4.400000000000001,0,50,0
609,5.8169007,0.0,70.0,4.400000000000001,0,50,0
610,12.102115,0.0,70.0,6.800000000000003,0,50,0
611,7.9596567,0.0,70.0,4.400000000000001,0,50,0
612,5.3484693,0.0,70.0,3.2000000000000006,0,50,0
613,4.783299,0.0,70.0,2.4,0,50,0
614,6.899827,0.0,70.0,4.000000000000001,0,50,0
615,6.69896,0.0,70.0,3.6000000000000005,0,50,0
616,3.70739,0.0,70.0,2.4,0,50,0
617,5.1725454,0.0,70.0,2.8000000000000003,0,50,0
618,1.6619508,0.0,70.0,1.2,0,50,0
619,7.4076214,0.0,70.0,4.000000000000001,0,50,0
620,5.5655785,0.0,70.0,3.600000000000001,0,50,0
621,7.0814033,0.0,70.0,4.400000000000001,0,50,0
622,9.622155,0.0,70.0,5.600000000000002,0,50,0
623,5.57203,0.0,70.0,3.2000000000000006,0,50,0
624,8.194524,0.0,70.0,5.200000000000002,0,50,0
625,7.788616,0.0,70.0,5.200000000000002,0,50,0
626,6.2194023,0.0,70.0,3.2000000000000006,0,50,0
627,5.4058514,0.0,70.0,2.8000000000000003,0,50,0
628,4.9102902,0.0,70.0,2.4,0,50,0
629,8.213241,0.0,70.0,4.800000000000002,0,50,0
630,6.696217,0.0,70.0,3.2000000000000006,0,50,0
631,5.591957,0.0,70.0,4.000000000000001,0,50,0
632,8.282271,0.0,70.0,4.400000000000001,0,50,0
633,5.582376,0.0,70.0,3.2000000000000006,0,50,0
634,7.5210643,0.0,70.0,4.400000000000001,0,50,0
635,8.023483,0.0,70.0,4.400000000000001,0,50,0
636,7.127006,0.0,70.0,4.000000000000001,0,50,0
637,5.787188,0.0,70.0,4.000000000000001,0,50,0
638,6.4123163,0.0,70.0,3.600000000000001,0,50,0
639,8.39502,0.0,70.0,4.400000000000001,0,50,0
640,5.2412667,0.0,70.0,2.8000000000000003,0,50,0
641,9.409412,0.0,70.0,5.200000000000002,0,50,0
642,5.9975157,0.0,70.0,3.2000000000000006,0,50,0
643,10.342684,0.0,70.0,5.600000000000002,0,50,0
644,9.17167,0.0,70.0,5.600000000000002,0,50,0
645,9.050386,0.0,70.0,5.600000000000002,0,50,0
646,6.292989,0.0,70.0,3.6000000000000005,0,50,0
647,7.07973,0.0,70.0,4.400000000000001,0,50,0
648,7.1562343,0.0,70.0,3.600000000000001,0,50,0
649,8.0810795,0.0,70.0,4.800000000000002,0,50,0
650,8.24558,0.0,70.0,4.800000000000002,0,50,0
651,8.489626,0.0,70.0,5.200000000000002,0,50,0
652,10.63917,0.0,70.0,6.400000000000003,0,50,0
653,4.334508,0.0,70.0,3.2000000000000006,0,50,0
654,8.06248,0.0,70.0,5.200000000000002,0,50,0
655,9.69671,0.0,70.0,4.800000000000002,0,50,0
656,5.495373,0.0,70.0,2.8000000000000003,0,50,0
657,7.4302354,0.0,70.0,5.200000000000002,0,50,0
658,5.482373,0.0,70.0,3.2000000000000006,0,50,0
659,2.9730368,0.0,70.0,2.4,0,50,0
660,8.934529,0.0,70.0,4.800000000000002,0,50,0
661,6.240715,0.0,70.0,3.600000000000001,0,50,0
662,-2.1950665,0.0,70.0,-5.551115123125783e-17,0,50,0
663,6.547969,0.0,70.0,3.6000000000000005,0,50,0
664,4.6351547,0.0,70.0,3.600000000000001,0,50,0
665,5.699972,0.0,70.0,3.2000000000000006,0,50,0
666,6.2958393,0.0,70.0,2.8000000000000003,0,50,0
667,7.530186,0.0,70.0,4.000000000000001,0,50,0
668,7.7343984,0.0,70.0,4.000000000000001,0,50,0
669,7.6386065,0.0,70.0,4.400000000000001,0,50,0
670,6.9119596,0.0,70.0,4.400000000000001,0,50,0
671,6.522271,0.0,70.0,3.600000000000001,0,50,0
672,8.512021,0.0,70.0,4.400000000000001,0,50,0
673,7.3678966,0.0,70.0,4.000000000000001,0,50,0
674,7.1626005,0.0,70.0,4.400000000000001,0,50,0
675,8.333041,0.0,70.0,4.800000000000002,0,50,0
676,5.8633194,0.0,70.0,3.2000000000000006,0,50,0
677,5.986533,0.0,70.0,4.000000000000001,0,50,0
678,3.7956836,0.0,70.0,2.8000000000000003,0,50,0
679,10.281882,0.0,70.0,5.600000000000002,0,50,0
680,8.273963,0.0,70.0,4.400000000000001,0,50,0
681,5.6945086,0.0,70.0,3.600000000000001,0,50,0
682,5.7562637,0.0,70.0,3.600000000000001,0,50,0
683,5.3877044,0.0,70.0,2.8000000000000003,0,50,0
684,7.3457913,0.0,70.0,4.400000000000001,0,50,0
685,9.901276,0.0,70.0,5.600000000000002,0,50,0
686,-3.2033696,0.0,70.0,1.5999999999999999,0,50,0
687,7.2140455,0.0,70.0,4.800000000000002,0,50,0
688,6.544852,0.0,70.0,4.000000000000001,0,50,0
689,9.940165,0.0,70.0,5.600000000000002,0,50,0
690,5.620487,0.0,70.0,3.600000000000001,0,50,0
691,1.711892,0.0,70.0,0.8,0,50,0
692,8.694577,0.0,70.0,5.200000000000002,0,50,0
693,3.1971765,0.0,70.0,2.8000000000000003,0,50,0
694,9.759217,0.0,70.0,6.000000000000003,0,50,0
695,9.936208,0.0,70.0,5.600000000000002,0,50,0
696,5.2169256,0.0,70.0,2.8000000000000003,0,50,0
697,8.971341,0.0,70.0,5.200000000000002,0,50,0
698,7.6534853,0.0,70.0,4.000000000000001,0,50,0
699,9.36151,0.0,70.0,5.200000000000002,0,50,0
700,2.9812386,0.0,70.0,1.9999999999999998,0,50,0
701,5.705344,0.0,70.0,4.000000000000001,0,50,0
702,5.9581375,0.0,70.0,3.2000000000000006,0,50,0
703,9.763509,0.0,70.0,6.000000000000003,0,50,0
704,5.49148,0.0,70.0,3.6000000000000005,0,50,0
705,1.6357147,0.0,70.0,1.2,0,50,0
706,10.05803,0.0,70.0,6.400000000000003,0,50,0
707,7.490456,0.0,70.0,4.400000000000001,0,50,0
708,4.348901,0.0,70.0,3.2000000000000006,0,50,0
709,4.36638,0.0,70.0,1.9999999999999998,0,50,0
710,8.982694,0.0,70.0,5.600000000000002,0,50,0
711,6.8678656,0.0,70.0,4.000000000000001,0,50,0
712,2.8583827,0.0,70.0,1.5999999999999999,0,50,0
713,11.498909,0.0,70.0,6.400000000000003,0,50,0
714,8.646906,0.0,70.0,5.200000000000002,0,50,0
715,5.5328918,0.0,70.0,3.2000000000000006,0,50,0
716,4.475461,0.0,70.0,2.8000000000000003,0,50,0
717,10.023843,0.0,70.0,5.600000000000002,0,50,0
718,1.2746893,0.0,70.0,0.8,0,50,0
719,6.530396,0.0,70.0,4.000000000000001,0,50,0
720,3.923943,0.0,70.0,2.8000000000000003,0,50,0
721,6.650387,0.0,70.0,4.000000000000001,0,50,0
722,3.558062,0.0,70.0,1.9999999999999998,0,50,0
723,5.3875213,0.0,70.0,4.000000000000001,0,50,0
724,8.833135,0.0,70.0,5.600000000000002,0,50,0
725,6.6742077,0.0,70.0,4.000000000000001,0,50,0
726,7.1353717,0.0,70.0,4.000000000000001,0,50,0
727,7.717179,0.0,70.0,4.800000000000002,0,50,0
728,6.1749544,0.0,70.0,3.6000000000000005,0,50,0
729,4.2279315,0.0,70.0,3.2000000000000006,0,50,0
730,2.666408,0.0,70.0,2.4,0,50,0
731,8.090126,0.0,70.0,4.400000000000001,0,50,0
732,5.4536858,0.0,70.0,2.4,0,50,0
733,6.887223,0.0,70.0,4.400000000000001,0,50,0
734,5.1527715,0.0,70.0,3.600000000000001,0,50,0
735,9.618785,0.0,70.0,6.000000000000003,0,50,0
736,8.225443,0.0,70.0,4.800000000000002,0,50,0
737,7.545074,0.0,70.0,4.400000000000001,0,50,0
738,7.696682,0.0,70.0,4.800000000000002,0,50,0
739,4.6942863,0.0,70.0,2.4,0,50,0
740,5.023197,0.0,70.0,2.8000000000000003,0,50,0
741,8.009621,0.0,70.0,4.800000000000002,0,50,0
742,3.4424849,0.0,70.0,2.4,0,50,0
743,9.84512,0.0,70.0,5.200000000000002,0,50,0
744,5.388758,0.0,70.0,3.2000000000000006,0,50,0
745,3.8382483,0.0,70.0,2.4,0,50,0
746,7.4422507,0.0,70.0,5.200000000000002,0,50,0
747,5.9628935,0.0,70.0,3.2000000000000006,0,50,0
748,8.4451065,0.0,70.0,4.800000000000002,0,50,0
749,7.1988006,0.0,70.0,4.000000000000001,0,50,0
750,3.9220824,0.0,70.0,2.8000000000000003,0,50,0
751,8.692316,0.0,70.0,4.800000000000002,0,50,0
752,9.826941,0.0,70.0,6.000000000000003,0,50,0
753,9.234142,0.0,70.0,5.200000000000002,0,50,0
754,4.4786024,0.0,70.0,2.8000000000000003,0,50,0
755,7.088252,0.0,70.0,4.400000000000001,0,50,0
756,8.668702,0.0,70.0,5.200000000000002,0,50,0
757,4.945241,0.0,70.0,2.8000000000000003,0,50,0
758,5.603722,0.0,70.0,3.600000000000001,0,50,0
759,8.594043,0.0,70.0,5.600000000000002,0,50,0
760,3.1345475,0.0,70.0,2.8000000000000003,0,50,0
761,5.1271048,0.0,70.0,2.8000000000000003,0,50,0
762,8.659594,0.0,70.0,4.400000000000001,0,50,0
763,6.1477346,0.0,70.0,3.600000000000001,0,50,0
764,7.8683686,0.0,70.0,4.800000000000002,0,50,0
765,6.347142,0.0,70.0,4.000000000000001,0,50,0
766,5.058748,0.0,70.0,3.2000000000000006,0,50,0
767,3.7241263,0.0,70.0,1.5999999999999999,0,50,0
768,5.606171,0.0,70.0,3.2000000000000006,0,50,0
769,2.9714758,0.0,70.0,1.5999999999999999,0,50,0
770,5.3168626,0.0,70.0,2.8000000000000003,0,50,0
771,4.7148757,0.0,70.0,2.4,0,50,0
772,3.6960714,0.0,70.0,2.4,0,50,0
773,6.9734373,0.0,70.0,4.400000000000001,0,50,0
774,6.5997105,0.0,70.0,4.000000000000001,0,50,0
775,6.74113,0.0,70.0,4.000000000000001,0,50,0
776,8.786121,0.0,70.0,5.200000000000002,0,50,0
777,5.7471833,0.0,70.0,3.600000000000001,0,50,0
778,6.18945,0.0,70.0,4.000000000000001,0,50,0
779,5.5747375,0.0,70.0,3.600000000000001,0,50,0
780,8.656618,0.0,70.0,5.200000000000002,0,50,0
781,9.902884,0.0,70.0,5.600000000000002,0,50,0
782,3.5584764,0.0,70.0,2.4,0,50,0
783,9.56018,0.0,70.0,6.000000000000003,0,50,0
784,8.228457,0.0,70.0,5.200000000000002,0,50,0
785,4.044385,0.0,70.0,1.9999999999999998,0,50,0
786,6.0349336,0.0,70.0,4.000000000000001,0,50,0
787,8.271129,0.0,70.0,5.200000000000002,0,50,0
788,7.734604,0.0,70.0,4.000000000000001,0,50,0
789,7.4267697,0.0,70.0,4.400000000000001,0,50,0
790,11.353506,0.0,70.0,6.800000000000003,0,50,0
791,5.973979,0.0,70.0,3.2000000000000006,0,50,0
792,8.837519,0.0,70.0,4.400000000000001,0,50,0
793,6.080484,0.0,70.0,3.2000000000000006,0,50,0
794,6.7112856,0.0,70.0,3.600000000000001,0,50,0
795,9.518002,0.0,70.0,4.800000000000002,0,50,0
796,11.464965,0.0,70.0,6.000000000000003,0,50,0
797,6.2210183,0.0,70.0,4.000000000000001,0,50,0
798,6.168336,0.0,70.0,3.2000000000000006,0,50,0
799,5.2545295,0.0,70.0,3.600000000000001,0,50,0
800,9.469101,0.0,70.0,5.600000000000002,0,50,0
801,7.333254,0.0,70.0,4.000000000000001,0,50,0
802,6.473918,0.0,70.0,4.400000000000001,0,50,0
803,4.960905,0.0,70.0,2.4,0,50,0
804,8.327754,0.0,70.0,4.800000000000002,0,50,0
805,5.4719687,0.0,70.0,3.2000000000000006,0,50,0
806,4.201379,0.0,70.0,2.8000000000000003,0,50,0
807,6.9331446,0.0,70.0,4.000000000000001,0,50,0
808,6.8988833,0.0,70.0,3.6000000000000005,0,50,0
809,2.4312673,0.0,70.0,1.9999999999999998,0,50,0
810,6.153839,0.0,70.0,3.2000000000000006,0,50,0
811,5.0863967,0.0,70.0,2.8000000000000003,0,50,0
812,4.7437534,0.0,70.0,3.2000000000000006,0,50,0
813,6.407516,0.0,70.0,4.000000000000001,0,50,0
814,7.151383,0.0,70.0,4.000000000000001,0,50,0
815,3.7364585,0.0,70.0,2.4,0,50,0
816,11.33334,0.0,70.0,6.800000000000003,0,50,0
817,6.0013604,0.0,70.0,3.600000000000001,0,50,0
818,7.4485626,0.0,70.0,4.800000000000002,0,50,0
819,2.9668353,0.0,70.0,1.9999999999999998,0,50,0
820,4.299401,0.0,70.0,2.4,0,50,0
821,6.1513963,0.0,70.0,3.600000000000001,0,50,0
822,7.0184927,0.0,70.0,4.000000000000001,0,50,0
823,8.1146345,0.0,70.0,4.800000000000002,0,50,0
824,8.170972,0.0,70.0,4.800000000000002,0,50,0
825,8.158974,0.0,70.0,5.200000000000002,0,50,0
826,6.0017705,0.0,70.0,3.600000000000001,0,50,0
827,7.6872067,0.0,70.0,4.400000000000001,0,50,0
828,8.995616,0.0,70.0,4.800000000000002,0,50,0
829,6.9187946,0.0,70.0,4.400000000000001,0,50,0
830,5.961657,0.0,70.0,3.600000000000001,0,50,0
831,5.284252,0.0,70.0,2.8000000000000003,0,50,0
832,2.0801513,0.0,70.0,0.8,0,50,0
833,6.0292277,0.0,70.0,3.600000000000001,0,50,0
834,7.942687,0.0,70.0,4.800000000000002,0,50,0
835,7.074978,0.0,70.0,4.400000000000001,0,50,0
836,7.924324,0.0,70.0,4.800000000000002,0,50,0
837,4.553958,0.0,70.0,2.8000000000000003,0,50,0
838,7.688621,0.0,70.0,4.800000000000002,0,50,0
839,9.262127,0.0,70.0,5.200000000000002,0,50,0
840,5.2387056,0.0,70.0,3.2000000000000006,0,50,0
841,6.0990653,0.0,70.0,4.400000000000001,0,50,0
842,9.108871,0.0,70.0,5.200000000000002,0,50,0
843,9.855511,0.0,70.0,5.600000000000002,0,50,0
844,5.6814313,0.0,70.0,3.2000000000000006,0,50,0
845,8.360151,0.0,70.0,4.800000000000002,0,50,0
846,6.3545623,0.0,70.0,3.600000000000001,0,50,0
847,7.9880695,0.0,70.0,4.800000000000002,0,50,0
848,4.3549957,0.0,70.0,3.2000000000000006,0,50,0
849,8.201419,0.0,70.0,4.800000000000002,0,50,0
850,4.784793,0.0,70.0,2.4,0,50,0
851,4.2574573,0.0,70.0,2.4,0,50,0
852,9.673962,0.0,70.0,5.200000000000002,0,50,0
853,2.717959,0.0,70.0,1.9999999999999998,0,50,0
854,7.0453286,0.0,70.0,4.400000000000001,0,50,0
855,7.8991933,0.0,70.0,4.000000000000001,0,50,0
856,5.9622703,0.0,70.0,4.000000000000001,0,50,0
857,4.997128,0.0,70.0,2.8000000000000003,0,50,0
858,8.312772,0.0,70.0,4.800000000000002,0,50,0
859,5.9211383,0.0,70.0,3.2000000000000006,0,50,0
860,5.597082,0.0,70.0,3.2000000000000006,0,50,0
861,4.2895727,0.0,70.0,2.4,0,50,0
862,8.446338,0.0,70.0,4.800000000000002,0,50,0
863,12.19513,0.0,70.0,6.800000000000003,0,50,0
864,6.876148,0.0,70.0,4.000000000000001,0,50,0
865,9.518347,0.0,70.0,5.600000000000002,0,50,0
866,7.543308,0.0,70.0,4.400000000000001,0,50,0
867,2.2247658,0.0,70.0,1.2,0,50,0
868,7.558366,0.0,70.0,4.400000000000001,0,50,0
869,5.9664288,0.0,70.0,3.2000000000000006,0,50,0
870,5.036803,0.0,70.0,2.8000000000000003,0,50,0
871,6.150394,0.0,70.0,3.600000000000001,0,50,0
872,3.1401982,0.0,70.0,1.5999999999999999,0,50,0
873,7.4061546,0.0,70.0,4.800000000000002,0,50,0
874,6.0939307,0.0,70.0,3.6000000000000005,0,50,0
875,8.96132,0.0,70.0,5.200000000000002,0,50,0
876,7.7405305,0.0,70.0,4.400000000000001,0,50,0
877,0.4253152,0.0,70.0,1.9999999999999998,0,50,0
878,8.45356,0.0,70.0,4.800000000000002,0,50,0
879,-0.56229424,0.0,70.0,1.5999999999999999,0,50,0
880,12.220681,0.0,70.0,6.800000000000003,0,50,0
881,9.479262,0.0,70.0,6.000000000000003,0,50,0
882,9.961334,0.0,70.0,6.400000000000003,0,50,0
883,7.430269,0.0,70.0,4.000000000000001,0,50,0
884,8.166847,0.0,70.0,4.800000000000002,0,50,0
885,6.6420693,0.0,70.0,4.000000000000001,0,50,0
886,5.4446177,0.0,70.0,3.6000000000000005,0,50,0
887,8.056832,0.0,70.0,4.400000000000001,0,50,0
888,9.018956,0.0,70.0,5.200000000000002,0,50,0
889,2.962809,0.0,70.0,1.9999999999999998,0,50,0
890,10.083386,0.0,70.0,5.600000000000002,0,50,0
891,4.0093417,0.0,70.0,2.4,0,50,0
892,8.1377535,0.0,70.0,5.200000000000002,0,50,0
893,11.09976,0.0,70.0,6.000000000000003,0,50,0
894,4.7795005,0.0,70.0,2.8000000000000003,0,50,0
895,5.9795423,0.0,70.0,4.000000000000001,0,50,0
896,8.726759,0.0,70.0,5.600000000000002,0,50,0
897,6.867903,0.0,70.0,4.400000000000001,0,50,0
898,7.041147,0.0,70.0,3.6000000000000005,0,50,0
899,3.5660796,0.0,70.0,1.9999999999999998,0,50,0
900,10.888323,0.0,70.0,6.400000000000003,0,50,0
901,6.4456763,0.0,70.0,3.2000000000000006,0,50,0
902,7.193489,0.0,70.0,4.000000000000001,0,50,0
903,5.575674,0.0,70.0,3.2000000000000006,0,50,0
904,7.6928606,0.0,70.0,4.400000000000001,0,50,0
905,1.8926144,0.0,70.0,2.4,0,50,0
906,6.670651,0.0,70.0,4.000000000000001,0,50,0
907,5.9145546,0.0,70.0,3.600000000000001,0,50,0
908,6.9635572,0.0,70.0,4.400000000000001,0,50,0
909,9.376176,0.0,70.0,5.200000000000002,0,50,0
910,6.125283,0.0,70.0,3.600000000000001,0,50,0
911,10.15402,0.0,70.0,6.400000000000003,0,50,0
912,10.628499,0.0,70.0,6.400000000000003,0,50,0
913,5.105752,0.0,70.0,3.600000000000001,0,50,0
914,8.861133,0.0,70.0,4.800000000000002,0,50,0
915,4.3431716,0.0,70.0,2.8000000000000003,0,50,0
916,10.589432,0.0,70.0,6.000000000000003,0,50,0
917,5.2113757,0.0,70.0,4.000000000000001,0,50,0
918,9.815513,0.0,70.0,5.200000000000002,0,50,0
919,6.836452,0.0,70.0,4.000000000000001,0,50,0
920,7.7126374,0.0,70.0,4.400000000000001,0,50,0
921,8.5143385,0.0,70.0,5.600000000000002,0,50,0
922,8.362466,0.0,70.0,5.200000000000002,0,50,0
923,7.348756,0.0,70.0,3.6000000000000005,0,50,0
924,8.675828,0.0,70.0,4.800000000000002,0,50,0
925,2.8489664,0.0,70.0,1.9999999999999998,0,50,0
926,7.6411114,0.0,70.0,4.400000000000001,0,50,0
927,6.2695417,0.0,70.0,3.600000000000001,0,50,0
928,4.607636,0.0,70.0,2.8000000000000003,0,50,0
929,11.814744,0.0,70.0,6.800000000000003,0,50,0
930,6.195516,0.0,70.0,3.2000000000000006,0,50,0
931,1.6158427,0.0,70.0,1.5999999999999999,0,50,0
932,4.867222,0.0,70.0,3.2000000000000006,0,50,0
933,6.7179346,0.0,70.0,4.000000000000001,0,50,0
934,4.8451176,0.0,70.0,2.8000000000000003,0,50,0
935,6.7221203,0.0,70.0,4.000000000000001,0,50,0
936,7.557456,0.0,70.0,3.6000000000000005,0,50,0
937,7.164818,0.0,70.0,4.800000000000002,0,50,0
938,6.4469824,0.0,70.0,4.000000000000001,0,50,0
939,10.586962,0.0,70.0,6.000000000000003,0,50,0
940,4.396889,0.0,70.0,3.600000000000001,0,50,0
941,8.503963,0.0,70.0,4.400000000000001,0,50,0
942,7.9863696,0.0,70.0,4.800000000000002,0,50,0
943,8.283423,0.0,70.0,4.800000000000002,0,50,0
944,10.478246,0.0,70.0,6.400000000000003,0,50,0
945,8.804825,0.0,70.0,4.400000000000001,0,50,0
946,5.397049,0.0,70.0,3.2000000000000006,0,50,0
947,11.125194,0.0,70.0,6.800000000000003,0,50,0
948,4.5672035,0.0,70.0,2.4,0,50,0
949,4.5989733,0.0,70.0,2.8000000000000003,0,50,0
950,2.0859375,0.0,70.0,1.2,0,50,0
951,4.688553,0.0,70.0,3.2000000000000006,0,50,0
952,9.683693,0.0,70.0,5.600000000000002,0,50,0
953,6.4037275,0.0,70.0,4.400000000000001,0,50,0
954,4.478019,0.0,70.0,3.2000000000000006,0,50,0
955,6.4205165,0.0,70.0,4.000000000000001,0,50,0
956,5.924791,0.0,70.0,4.400000000000001,0,50,0
957,5.7535048,0.0,70.0,3.600000000000001,0,50,0
958,7.7864013,0.0,70.0,4.800000000000002,0,50,0
959,8.321642,0.0,70.0,4.800000000000002,0,50,0
960,6.9512043,0.0,70.0,4.400000000000001,0,50,0
961,5.882598,0.0,70.0,3.600000000000001,0,50,0
962,6.7243876,0.0,70.0,4.400000000000001,0,50,0
963,5.1349072,0.0,70.0,2.8000000000000003,0,50,0
964,4.4556847,0.0,70.0,2.8000000000000003,0,50,0
965,6.431188,0.0,70.0,3.600000000000001,0,50,0
966,4.7038226,0.0,70.0,2.8000000000000003,0,50,0
967,3.8381991,0.0,70.0,3.2000000000000006,0,50,0
968,3.954036,0.0,70.0,2.8000000000000003,0,50,0
969,9.167842,0.0,70.0,5.600000000000002,0,50,0
970,11.962382,0.0,70.0,6.800000000000003,0,50,0
971,8.244018,0.0,70.0,4.800000000000002,0,50,0
972,6.0717263,0.0,70.0,3.6000000000000005,0,50,0
973,7.4488597,0.0,70.0,4.400000000000001,0,50,0
974,5.986743,0.0,70.0,3.600000000000001,0,50,0
975,8.665715,0.0,70.0,4.800000000000002,0,50,0
976,9.894196,0.0,70.0,6.000000000000003,0,50,0
977,10.196499,0.0,70.0,5.600000000000002,0,50,0
978,6.0690193,0.0,70.0,3.600000000000001,0,50,0
979,7.062659,0.0,70.0,4.400000000000001,0,50,0
980,5.84996,0.0,70.0,4.000000000000001,0,50,0
981,6.3214316,0.0,70.0,3.2000000000000006,0,50,0
982,5.2436,0.0,70.0,3.2000000000000006,0,50,0
983,7.0760145,0.0,70.0,4.000000000000001,0,50,0
984,0.8714498,0.0,70.0,1.9999999999999998,0,50,0
985,7.385022,0.0,70.0,4.400000000000001,0,50,0
986,2.6869853,0.0,70.0,0.8,0,50,0
987,5.944615,0.0,70.0,4.000000000000001,0,50,0
988,6.8781185,0.0,70.0,3.600000000000001,0,50,0
989,9.029047,0.0,70.0,5.600000000000002,0,50,0
990,10.117424,0.0,70.0,5.600000000000002,0,50,0
991,3.2248073,0.0,70.0,2.4,0,50,0
992,8.126292,0.0,70.0,4.800000000000002,0,50,0
993,1.351677,0.0,70.0,2.8000000000000003,0,50,0
994,5.642149,0.0,70.0,3.2000000000000006,0,50,0
995,3.0666761,0.0,70.0,2.4,0,50,0
996,7.5357876,0.0,70.0,4.400000000000001,0,50,0
997,3.7273035,0.0,70.0,2.4,0,50,0
998,6.186188,0.0,70.0,4.400000000000001,0,50,0
999,6.8271847,0.0,70.0,4.000000000000001,0,50,0
